{"cameraMode":{"drawMode":31,"name":"Sprite Mask","section":"Miscellaneous"},"sceneLighting":true,"audioPlay":false,"sceneViewState":{"showFog":true,"showMaterialUpdate":false,"showSkybox":true,"showFlares":true,"showImageEffects":true,"showParticleSystems":true},"in2DMode":false,"pivot":{"x":25.41254425048828,"y":-8.78388500213623,"z":-0.4520583152770996},"rotation":{"x":0.18914394080638886,"y":0.7426310777664185,"z":-0.2348678857088089,"w":0.5980494618415833},"size":10.713481903076172,"orthographic":false}